Feature,Importance
humidity,0.5645639760831037
temperature,0.14629889663313528
lag_1,0.1325054445804797
hour,0.062381511602091363
rolling_mean_3,0.029133791781345997
day_of_week,0.02666523550603489
is_weekend,0.024104826083286127
day,0.009886741214061336
month,0.004459576516461672
